role,relative_path,sha256,size_bytes,run_id,task_id,dataset_name,feature_type,realization,strength_name
checkpoint,runs/task_49_r01_null.csv,1c66ccad59fa8df7cc48f9d61090ecf726cd0489f50b080972e8d0c307b29fd0,2139,realx_49_r01_null,49.0,tic-tac-toe,categorical,1.0,null
checkpoint,runs/task_49_r01_weak.csv,bdf17dab97b0e0bf3042d035d369851269e478b214862a40b9ffad49b7b6a504,2666,realx_49_r01_weak,49.0,tic-tac-toe,categorical,1.0,weak
checkpoint,runs/task_49_r01_moderate.csv,3617a413fdc439658e2474362908cef1f5ced17085fe78ec53cd5fc3636fb820,2794,realx_49_r01_moderate,49.0,tic-tac-toe,categorical,1.0,moderate
checkpoint,runs/task_49_r01_strong.csv,c3bd2971a583905a5270283d7062179274eb051eafaf6c22c69db5c6db95747a,3134,realx_49_r01_strong,49.0,tic-tac-toe,categorical,1.0,strong
checkpoint,runs/task_49_r02_null.csv,fadc19fc4683243346a0c53f95bfa9f8e48b562e8eeeee8cffaa034c24d5a3d3,2226,realx_49_r02_null,49.0,tic-tac-toe,categorical,2.0,null
checkpoint,runs/task_49_r02_weak.csv,f22f1ee2dcdeaa3cb6b8e358d0ecce6ebdc47dea1101cbd2767a0d0f48edf0b6,2617,realx_49_r02_weak,49.0,tic-tac-toe,categorical,2.0,weak
checkpoint,runs/task_49_r02_moderate.csv,f5219535a2090b7ba44facc010c571a9cd852f4535fa9978f680c031dd9f2c51,3005,realx_49_r02_moderate,49.0,tic-tac-toe,categorical,2.0,moderate
checkpoint,runs/task_49_r02_strong.csv,31dc465b6d78973dc962ebfa324f3cdaaa582ade8efa39b22dd331b8df7dfcc3,3064,realx_49_r02_strong,49.0,tic-tac-toe,categorical,2.0,strong
checkpoint,runs/task_49_r03_null.csv,5adb2190058528eafee15b580b785cbbefe084653fa8af16aef0d69761bef0bb,2624,realx_49_r03_null,49.0,tic-tac-toe,categorical,3.0,null
checkpoint,runs/task_49_r03_weak.csv,48a11fe7dcdefcdbdc2b84c5cf175328435a81722409d9981285a9e709ee74ae,2904,realx_49_r03_weak,49.0,tic-tac-toe,categorical,3.0,weak
checkpoint,runs/task_49_r03_moderate.csv,f9f7cba427e62f678fb773036007ce006704dfe922f4f22bdfdcc4ff6062713f,3005,realx_49_r03_moderate,49.0,tic-tac-toe,categorical,3.0,moderate
checkpoint,runs/task_49_r03_strong.csv,610c37b620b4aa42f09af1698a6ea884583227e4858b12596a06e9c7034352fe,2922,realx_49_r03_strong,49.0,tic-tac-toe,categorical,3.0,strong
checkpoint,runs/task_49_r04_null.csv,4f82a9c917cd0d0ae1e2080c859f165ee360df042b7a2c7c3ec2992f35c0d20d,2306,realx_49_r04_null,49.0,tic-tac-toe,categorical,4.0,null
checkpoint,runs/task_49_r04_weak.csv,021284357731dc50dcdb3683998cf62cf1cc44a9d5c6066b688b4c8e1b26fce7,2995,realx_49_r04_weak,49.0,tic-tac-toe,categorical,4.0,weak
checkpoint,runs/task_49_r04_moderate.csv,0e9d13b5a5b3b21c53411a08eae5ab7081572c3311f9b67ad34f1c81c5b34c57,3378,realx_49_r04_moderate,49.0,tic-tac-toe,categorical,4.0,moderate
checkpoint,runs/task_49_r04_strong.csv,b95e118e881c46a08294b2855772d673d19c506100fa632ca9428378cfd56411,3002,realx_49_r04_strong,49.0,tic-tac-toe,categorical,4.0,strong
checkpoint,runs/task_49_r05_null.csv,10071997ca14d17c7c0fa61c50232e83c35be35be0de35cc92d7b87191a34ff1,2147,realx_49_r05_null,49.0,tic-tac-toe,categorical,5.0,null
checkpoint,runs/task_49_r05_weak.csv,110f50622be2ef9500b9dc2df59e58251b898af0d10e21a477484d57635c10c1,2587,realx_49_r05_weak,49.0,tic-tac-toe,categorical,5.0,weak
checkpoint,runs/task_49_r05_moderate.csv,478a4deefb81c04be9e15f63251442463c3721b19fc2e4081cb1f545f0cc5033,2338,realx_49_r05_moderate,49.0,tic-tac-toe,categorical,5.0,moderate
checkpoint,runs/task_49_r05_strong.csv,63ec15955a047067221c4c77106a046715929889f36f7ed37c908844357c3b88,2964,realx_49_r05_strong,49.0,tic-tac-toe,categorical,5.0,strong
checkpoint,runs/task_3_r01_null.csv,80fa2e9821d42d1b5389cd05cc36be856d6d0027ac4a9e1b1656051a10f868ff,1946,realx_3_r01_null,3.0,kr-vs-kp,categorical,1.0,null
checkpoint,runs/task_3_r01_weak.csv,14432a1e9d0a5cea2b50bee03a31b0ee9f3fde73fe1dcd3ba6f6bc7f205e69d5,2248,realx_3_r01_weak,3.0,kr-vs-kp,categorical,1.0,weak
checkpoint,runs/task_3_r01_moderate.csv,8f0d13e328f1b22cbec98b0e80ca7ea98962cb03dba1b34577919a8920503145,2675,realx_3_r01_moderate,3.0,kr-vs-kp,categorical,1.0,moderate
checkpoint,runs/task_3_r01_strong.csv,792e2d88154a712fb67ad1b065d7bea430229f2d836c4c7452e3bac0f121c0f1,2355,realx_3_r01_strong,3.0,kr-vs-kp,categorical,1.0,strong
checkpoint,runs/task_3_r02_null.csv,2c41f5bec4120c3c91db017decd5f9280ed57aa1b78c033e532c5d598b683bae,1947,realx_3_r02_null,3.0,kr-vs-kp,categorical,2.0,null
checkpoint,runs/task_3_r02_weak.csv,dec73f68b78e2f05d03c34cdc6c5925357c1270633e1918f166d978dc3748bb3,2077,realx_3_r02_weak,3.0,kr-vs-kp,categorical,2.0,weak
checkpoint,runs/task_3_r02_moderate.csv,510cf95cafb5ec0a412dc2c1c2c4bf3d219228a9804e47989e9b1f05fa22cb3a,2086,realx_3_r02_moderate,3.0,kr-vs-kp,categorical,2.0,moderate
checkpoint,runs/task_3_r02_strong.csv,4bd95f18f28daf550b7611e9946b6f1aaa2a556b75a2eea678dfdc7ba713fcbc,2079,realx_3_r02_strong,3.0,kr-vs-kp,categorical,2.0,strong
checkpoint,runs/task_3_r03_null.csv,43ee6a6826cf23ce08030b026c31bc1f09e2fdd6375176aeb7c08ab1ac4ac88f,2112,realx_3_r03_null,3.0,kr-vs-kp,categorical,3.0,null
checkpoint,runs/task_3_r03_weak.csv,3925b1fff823e49b08866a507427365547c24d342576930a9dbd44a2b4e23143,2065,realx_3_r03_weak,3.0,kr-vs-kp,categorical,3.0,weak
checkpoint,runs/task_3_r03_moderate.csv,067ee6a118058e01369957914d7a7e69ccb7396fc1b4f254bc7e9e79b795cc09,2771,realx_3_r03_moderate,3.0,kr-vs-kp,categorical,3.0,moderate
checkpoint,runs/task_3_r03_strong.csv,743f3c9fa7cff873cf95c81e1de8770d6cf1c92a44dc1c009c0054a5941b4f4e,2543,realx_3_r03_strong,3.0,kr-vs-kp,categorical,3.0,strong
checkpoint,runs/task_3_r04_null.csv,e6f85552da671d2cc223dc1d2123b4e3085a03f1e640634dd74caf9a8904a807,1929,realx_3_r04_null,3.0,kr-vs-kp,categorical,4.0,null
checkpoint,runs/task_3_r04_weak.csv,9bbe199c5c8b6d6c050ea59acf9a1bbb235dbe2608d8e577023f4b1fc3a341a5,2267,realx_3_r04_weak,3.0,kr-vs-kp,categorical,4.0,weak
checkpoint,runs/task_3_r04_moderate.csv,32110236dbcf653b2124d56084cc462b73ed53ceedbb4d462fb76985c8c01e27,2739,realx_3_r04_moderate,3.0,kr-vs-kp,categorical,4.0,moderate
checkpoint,runs/task_3_r04_strong.csv,14354c61780dbb94fa952ded399606ab0eef84278f323b93f63c4ababcbd6721,2757,realx_3_r04_strong,3.0,kr-vs-kp,categorical,4.0,strong
checkpoint,runs/task_3_r05_null.csv,fbc5b6821193f1addb7615f05180af5801ed48755f2419de453e6f23aec3e0d9,1947,realx_3_r05_null,3.0,kr-vs-kp,categorical,5.0,null
checkpoint,runs/task_3_r05_weak.csv,152691b1a4976d1bca62c08092864dcdc5aa9e4926e448e9d095ca086b0525d6,2077,realx_3_r05_weak,3.0,kr-vs-kp,categorical,5.0,weak
checkpoint,runs/task_3_r05_moderate.csv,790792938d4b66cc702264138ae034dc35fc88774c39e59ff85cd4f1b3c4aa2e,2718,realx_3_r05_moderate,3.0,kr-vs-kp,categorical,5.0,moderate
checkpoint,runs/task_3_r05_strong.csv,1264ccc5fabf539a8a0d81427df43b94052a6396cb46f194782edddd2f5fc9b2,2885,realx_3_r05_strong,3.0,kr-vs-kp,categorical,5.0,strong
checkpoint,runs/task_14952_r01_null.csv,910d5b104cd9be1ad0e132767c026466bad0592e57452b7e1049661dc5607ca5,2374,realx_14952_r01_null,14952.0,PhishingWebsites,categorical,1.0,null
checkpoint,runs/task_14952_r01_weak.csv,e8fce50520056cb7d104e591ea8ea17c1ea3c6366e964f94204234948c1bd50f,3368,realx_14952_r01_weak,14952.0,PhishingWebsites,categorical,1.0,weak
checkpoint,runs/task_14952_r01_moderate.csv,78d9fb7a476647a10f51abe4d184c0a4d9a55f502dae6d76fabcddbb33971350,3522,realx_14952_r01_moderate,14952.0,PhishingWebsites,categorical,1.0,moderate
checkpoint,runs/task_14952_r01_strong.csv,0354312e85f0d6709dad9f98479723b10fcb89a0e4440015563ba3612fb625d9,3681,realx_14952_r01_strong,14952.0,PhishingWebsites,categorical,1.0,strong
checkpoint,runs/task_14952_r02_null.csv,c053d0bcb994858b7b2e795a978ef08093e5c638c4f5421bcd35504c320bb9c3,2249,realx_14952_r02_null,14952.0,PhishingWebsites,categorical,2.0,null
checkpoint,runs/task_14952_r02_weak.csv,b004aeced8f4305f8dc5b83a7100c5fe3ea8cc909d6b8430e466ce55946fa1cb,2687,realx_14952_r02_weak,14952.0,PhishingWebsites,categorical,2.0,weak
checkpoint,runs/task_14952_r02_moderate.csv,5524917e652be22848bf58d3f2fee13a0b4cc8bb5b754cb8da6abe4095f8bfeb,3372,realx_14952_r02_moderate,14952.0,PhishingWebsites,categorical,2.0,moderate
checkpoint,runs/task_14952_r02_strong.csv,13b9fc8a72c93072e90f5885266d7b4726f7c0571a92c0254ebe8cbd8b6b95eb,3295,realx_14952_r02_strong,14952.0,PhishingWebsites,categorical,2.0,strong
checkpoint,runs/task_14952_r03_null.csv,c11e7260ab0f3cf5a2a87cf28be2578eb325180a055555323712217ac11b03e6,2395,realx_14952_r03_null,14952.0,PhishingWebsites,categorical,3.0,null
checkpoint,runs/task_14952_r03_weak.csv,28cce8b7f0ac7a95b085f01fae2435288b6cb4d62a47a31897c8333acfcb51aa,2795,realx_14952_r03_weak,14952.0,PhishingWebsites,categorical,3.0,weak
checkpoint,runs/task_14952_r03_moderate.csv,f26eba82715d4391f57ce95623eff288785d723869ba78a2118cee48561db441,3399,realx_14952_r03_moderate,14952.0,PhishingWebsites,categorical,3.0,moderate
checkpoint,runs/task_14952_r03_strong.csv,3a17fca670373d691a8c4048bb377bdfcc20d4e42a29d74c311c62a3de2ace75,3836,realx_14952_r03_strong,14952.0,PhishingWebsites,categorical,3.0,strong
checkpoint,runs/task_14952_r04_null.csv,a6515957c7d4a9221445be9ab9beeba54996a61f5e63d00e867128bf05d5e9ca,2316,realx_14952_r04_null,14952.0,PhishingWebsites,categorical,4.0,null
checkpoint,runs/task_14952_r04_weak.csv,8296b0cd8c7926b0e491cdfe5a62054ccfe48e2045e47cfa9f2caa7c83bae441,2790,realx_14952_r04_weak,14952.0,PhishingWebsites,categorical,4.0,weak
checkpoint,runs/task_14952_r04_moderate.csv,087e0e4b0f8afb22fcbdfd44d5a8a50a87b2dacc24bc38d33b37ea6252717834,3776,realx_14952_r04_moderate,14952.0,PhishingWebsites,categorical,4.0,moderate
checkpoint,runs/task_14952_r04_strong.csv,2cd184bc17a878d32e0d38524c2d899c3154ae5882c6ba94e39a8518f4ae4954,3886,realx_14952_r04_strong,14952.0,PhishingWebsites,categorical,4.0,strong
checkpoint,runs/task_14952_r05_null.csv,98f512509744759154188f42cb49168efc7e582c144d90f857f6db6bbeb452b8,2278,realx_14952_r05_null,14952.0,PhishingWebsites,categorical,5.0,null
checkpoint,runs/task_14952_r05_weak.csv,498a8708e843e17db8a89765525d3bb1c68ac81fea2ac02de4c39b070883ae26,2946,realx_14952_r05_weak,14952.0,PhishingWebsites,categorical,5.0,weak
checkpoint,runs/task_14952_r05_moderate.csv,7f6bd8263dfa1e9d7fc7a334ba1d70f0205da8bfbb863a211b2c5652494f8ce5,3603,realx_14952_r05_moderate,14952.0,PhishingWebsites,categorical,5.0,moderate
checkpoint,runs/task_14952_r05_strong.csv,b609ad2f01704cf21de98afe19e1dc39ed34a8730cfd8c06d1942cc50fac6438,3845,realx_14952_r05_strong,14952.0,PhishingWebsites,categorical,5.0,strong
checkpoint,runs/task_125920_r01_null.csv,6b32b60a0ccf34d9b454c518e6fed861b7949a7070bf6dd20c681cc346890185,1728,realx_125920_r01_null,125920.0,dresses-sales,mixed,1.0,null
checkpoint,runs/task_125920_r01_weak.csv,d2bb5879f5008552fed09d90a9a75e5dfa6445a7773636ab73293c7b86f569bc,1828,realx_125920_r01_weak,125920.0,dresses-sales,mixed,1.0,weak
checkpoint,runs/task_125920_r01_moderate.csv,13b935df39ed8c5d812f024598253b0aa8f8d80ff5c5af3d9b798e4f93ef7942,1879,realx_125920_r01_moderate,125920.0,dresses-sales,mixed,1.0,moderate
checkpoint,runs/task_125920_r01_strong.csv,3e4caecd5adcfa9a5f0f600c43b531459fca34a4287950a98f94fb870623cfd2,1907,realx_125920_r01_strong,125920.0,dresses-sales,mixed,1.0,strong
checkpoint,runs/task_125920_r02_null.csv,4bb3c25ef528fdb4998ad847bbc1441efaca171a1f34d4ab0d69b355f071cd10,1767,realx_125920_r02_null,125920.0,dresses-sales,mixed,2.0,null
checkpoint,runs/task_125920_r02_weak.csv,fbac9cf1af5ef4f55a2bbd88ec5d5f2c571ccd8c8b19855b58b0ded3d2a85448,1898,realx_125920_r02_weak,125920.0,dresses-sales,mixed,2.0,weak
checkpoint,runs/task_125920_r02_moderate.csv,2a11be4c5c6391e449d83b5f55ce16ee635813a8af49827b25bc38e307f77dc3,1888,realx_125920_r02_moderate,125920.0,dresses-sales,mixed,2.0,moderate
checkpoint,runs/task_125920_r02_strong.csv,268a01c531f99300661a6f0f8be3db5d8965ab0b878c999adf75340ed1ad1571,1862,realx_125920_r02_strong,125920.0,dresses-sales,mixed,2.0,strong
checkpoint,runs/task_125920_r03_null.csv,bb6915d27be2c9e7323d7d1cedcb417f802a274e9f19c9a139b0fedc4fe16206,1746,realx_125920_r03_null,125920.0,dresses-sales,mixed,3.0,null
checkpoint,runs/task_125920_r03_weak.csv,a82e75260e3623be5b2b653368e99bb85f4782473b85c5a784300874907bc5f4,1897,realx_125920_r03_weak,125920.0,dresses-sales,mixed,3.0,weak
checkpoint,runs/task_125920_r03_moderate.csv,5b16f0ac299d0694707a81b3b042a89c884a3196e0e4e3f55914cbdab83cd282,1841,realx_125920_r03_moderate,125920.0,dresses-sales,mixed,3.0,moderate
checkpoint,runs/task_125920_r03_strong.csv,c35acd29f59e8c054d44a6bbdaea67a91514a913bef5eaa6c87417225a513827,1891,realx_125920_r03_strong,125920.0,dresses-sales,mixed,3.0,strong
checkpoint,runs/task_125920_r04_null.csv,5df82f92928ffc284c1d3f3596b2614f549e0b4ade1f9a9aed0ca82c590782d6,1742,realx_125920_r04_null,125920.0,dresses-sales,mixed,4.0,null
checkpoint,runs/task_125920_r04_weak.csv,6de36b70fb024ccb8e518825da66e1317009930b500bdeaa8cfabfac3b097306,1927,realx_125920_r04_weak,125920.0,dresses-sales,mixed,4.0,weak
checkpoint,runs/task_125920_r04_moderate.csv,f0c8db52823e16e8e34f6520bb5f413efbd14ead15092f5a70e8af7cf14904bb,1887,realx_125920_r04_moderate,125920.0,dresses-sales,mixed,4.0,moderate
checkpoint,runs/task_125920_r04_strong.csv,e55d389b68067f6146bfe48bd344c62885dbe1fc89c09d00bb234a4a6f919380,1894,realx_125920_r04_strong,125920.0,dresses-sales,mixed,4.0,strong
checkpoint,runs/task_125920_r05_null.csv,78981e29849612b1dc78750f6b4acce1fa0d96beb9aa4b95bc400fb596cba6d7,1750,realx_125920_r05_null,125920.0,dresses-sales,mixed,5.0,null
checkpoint,runs/task_125920_r05_weak.csv,b33b1d40b89978ff46019d1458de17f460e5911c86abc0e835be5b861c0abed8,1852,realx_125920_r05_weak,125920.0,dresses-sales,mixed,5.0,weak
checkpoint,runs/task_125920_r05_moderate.csv,02a0bba0d99525db553a85419e4d6b9d7a93d6f657cb0be781be4dfadf66dd7f,1891,realx_125920_r05_moderate,125920.0,dresses-sales,mixed,5.0,moderate
checkpoint,runs/task_125920_r05_strong.csv,bd6c927bc55a6e5c8b4f4ed7bf36f0e21ad0477bfa595cb42b90cdb2d3df195d,1850,realx_125920_r05_strong,125920.0,dresses-sales,mixed,5.0,strong
checkpoint,runs/task_31_r01_null.csv,b1a24d2382ced51cfdaa028ee96ae581a3ac1a9df58257d42576994836f4a743,2277,realx_31_r01_null,31.0,credit-g,mixed,1.0,null
checkpoint,runs/task_31_r01_weak.csv,570d61e60067a10e948f30675771307b2d4eaff72ebdf436a6cf09989465297c,2444,realx_31_r01_weak,31.0,credit-g,mixed,1.0,weak
checkpoint,runs/task_31_r01_moderate.csv,2a865b6e1d23308e971c064ad7d2aaf58e8530d448c61204459de13b7a0d4d19,2788,realx_31_r01_moderate,31.0,credit-g,mixed,1.0,moderate
checkpoint,runs/task_31_r01_strong.csv,dd970af0903e1b23aca2aebc27fc58981eef5ab9897f49abe419233c5333de6b,2678,realx_31_r01_strong,31.0,credit-g,mixed,1.0,strong
checkpoint,runs/task_31_r02_null.csv,7701d0cdf07af709bd05fdba66712a77a3d525768c2041498f27933dc3296d0d,2443,realx_31_r02_null,31.0,credit-g,mixed,2.0,null
checkpoint,runs/task_31_r02_weak.csv,049a7c6ae95bf09482b28b1fa56022116ae859e65eb0349be5695bae0ab09ec1,2641,realx_31_r02_weak,31.0,credit-g,mixed,2.0,weak
checkpoint,runs/task_31_r02_moderate.csv,25f05cbd2f21b650337dc290f9e4ff46bc497980cbb5af1d6bab2bfa0d2e288d,2456,realx_31_r02_moderate,31.0,credit-g,mixed,2.0,moderate
checkpoint,runs/task_31_r02_strong.csv,d4e330c49a5dc593e9a5bce5211f422a380c0f6653dd9a0026a5d0636a9767c4,2586,realx_31_r02_strong,31.0,credit-g,mixed,2.0,strong
checkpoint,runs/task_31_r03_null.csv,03bda4f49fc99ff536b912531d642d7577f9a101a017d72031cccc370fe9ff43,2421,realx_31_r03_null,31.0,credit-g,mixed,3.0,null
checkpoint,runs/task_31_r03_weak.csv,ce4af320b68f348c222f7ce147045d92ba7181e815a7ad2d253be1dea093c4fb,2423,realx_31_r03_weak,31.0,credit-g,mixed,3.0,weak
checkpoint,runs/task_31_r03_moderate.csv,62db453a30c66871c9710a7c93c9b948cea27516f1c9470cd5628afe760dd58f,2616,realx_31_r03_moderate,31.0,credit-g,mixed,3.0,moderate
checkpoint,runs/task_31_r03_strong.csv,043d37c84bf63326267901b263366771e9c1375fcdb4a412cb6a540bbf266f16,2744,realx_31_r03_strong,31.0,credit-g,mixed,3.0,strong
checkpoint,runs/task_31_r04_null.csv,3f2982364cdb97d1570cb18f790c892527d133da4371b38fded977102cd2c76c,2258,realx_31_r04_null,31.0,credit-g,mixed,4.0,null
checkpoint,runs/task_31_r04_weak.csv,61d85b4e3fd66e7cde0741af1ed615d46260c6c355cd62d146a8619bd84a1859,2700,realx_31_r04_weak,31.0,credit-g,mixed,4.0,weak
checkpoint,runs/task_31_r04_moderate.csv,50479448d283e4ae41b3e8b9f944b968d1b4daeaff75ed4bef90cb0abbc8b50f,2629,realx_31_r04_moderate,31.0,credit-g,mixed,4.0,moderate
checkpoint,runs/task_31_r04_strong.csv,63303a48639da025411224dcc3e0b00b9de916f7e212d95128ff399c4e667186,2537,realx_31_r04_strong,31.0,credit-g,mixed,4.0,strong
checkpoint,runs/task_31_r05_null.csv,80fc732fa2f55994251b24f9afe16b3c4ab3bce06a149c89a85882f09937f287,2363,realx_31_r05_null,31.0,credit-g,mixed,5.0,null
checkpoint,runs/task_31_r05_weak.csv,7587273872be6b6a3ee2d7e269a7161cafcd85b0670cac1033c823b53c34598a,2505,realx_31_r05_weak,31.0,credit-g,mixed,5.0,weak
checkpoint,runs/task_31_r05_moderate.csv,3acfbf4f7a121bb172ff101439181ef4004fd11d2e8b4dfe29ec0e1611bec6d4,2476,realx_31_r05_moderate,31.0,credit-g,mixed,5.0,moderate
checkpoint,runs/task_31_r05_strong.csv,0abd38c456fce76e83b42f97fc0b9e4212c9f4f16f1362f721602be11a7795c8,2577,realx_31_r05_strong,31.0,credit-g,mixed,5.0,strong
checkpoint,runs/task_7592_r01_null.csv,3ba9ec16fec73884eacd6bd924ac315726c9fe2855280921585b5280cd603095,2484,realx_7592_r01_null,7592.0,adult,mixed,1.0,null
checkpoint,runs/task_7592_r01_weak.csv,e02de5357cd5e1edb731dbb887efe77cf2654f6cbd8ee8f7e2655f648fea8562,2803,realx_7592_r01_weak,7592.0,adult,mixed,1.0,weak
checkpoint,runs/task_7592_r01_moderate.csv,cb277e5b325a8e37b831bdbbab8a720cf2c52293c2f424deb406f444abe54926,2719,realx_7592_r01_moderate,7592.0,adult,mixed,1.0,moderate
checkpoint,runs/task_7592_r01_strong.csv,4535179328ba89b0252b25223c19e8a9f63e6a841273be96ec198e468e86740d,3061,realx_7592_r01_strong,7592.0,adult,mixed,1.0,strong
checkpoint,runs/task_7592_r02_null.csv,9bdaa4b81870b3310251e74f710a2a6431e2f5b1a6def5f4479be5b14e5cdc50,2584,realx_7592_r02_null,7592.0,adult,mixed,2.0,null
checkpoint,runs/task_7592_r02_weak.csv,1b8a718dabebd6b26b6b187c6c699c0dd9a2fccd72d4f2ff550866450e1b344b,2876,realx_7592_r02_weak,7592.0,adult,mixed,2.0,weak
checkpoint,runs/task_7592_r02_moderate.csv,d88b20dda3bb4a3b473d8b098d5b31968cefb9a4699317fb51c8cef7f9faee3f,2627,realx_7592_r02_moderate,7592.0,adult,mixed,2.0,moderate
checkpoint,runs/task_7592_r02_strong.csv,54d77333667a8f451777367a78c90916196568c6ca6cc8ab77ade6713e4d36df,2683,realx_7592_r02_strong,7592.0,adult,mixed,2.0,strong
checkpoint,runs/task_7592_r03_null.csv,5f5483250f6af4f0cb7dc9c42f0289ed0ea98185851c6d32ad175b4f5dfb0ecb,2101,realx_7592_r03_null,7592.0,adult,mixed,3.0,null
checkpoint,runs/task_7592_r03_weak.csv,521b81e4d487ec67b7c3788cc936ec59394f47206719375896ffb5b09f1aa2af,2260,realx_7592_r03_weak,7592.0,adult,mixed,3.0,weak
checkpoint,runs/task_7592_r03_moderate.csv,ac7b1f29a925bed94c7f59ddd481eeb8ded665b69f8c2fbaa1ad16b654c13c44,2705,realx_7592_r03_moderate,7592.0,adult,mixed,3.0,moderate
checkpoint,runs/task_7592_r03_strong.csv,0b1a9fbc8b006985b50e6fc2c7205b072656104dd168a03d30bc80479f57f027,2980,realx_7592_r03_strong,7592.0,adult,mixed,3.0,strong
checkpoint,runs/task_7592_r04_null.csv,63ebce1787a8db73d15fb43fcb05797194799e080ed82003d063a2aeff354fbf,2376,realx_7592_r04_null,7592.0,adult,mixed,4.0,null
checkpoint,runs/task_7592_r04_weak.csv,ed367eeebae5b69a74bfc33fbbbf310805234a6ab1889340018ab177a2732519,2227,realx_7592_r04_weak,7592.0,adult,mixed,4.0,weak
checkpoint,runs/task_7592_r04_moderate.csv,b2dbd3d8472714fee75e5f77f2957e59c2784436533efb69a07d3452a0580ec8,2929,realx_7592_r04_moderate,7592.0,adult,mixed,4.0,moderate
checkpoint,runs/task_7592_r04_strong.csv,37ef1849c3a3198172458fb9fa195fbb9692beb7768cd2d2f08c82380c3a853d,2760,realx_7592_r04_strong,7592.0,adult,mixed,4.0,strong
checkpoint,runs/task_7592_r05_null.csv,3d61442e92e6dc420821e6b34c119bc0a47c2fb4f1e38ae4407dd9c874c81414,2113,realx_7592_r05_null,7592.0,adult,mixed,5.0,null
checkpoint,runs/task_7592_r05_weak.csv,b98304695f5160d9a4d52fcef6e4f681a0bf19cbf1482402293ecdd29f7e2e90,2209,realx_7592_r05_weak,7592.0,adult,mixed,5.0,weak
checkpoint,runs/task_7592_r05_moderate.csv,40484a59ba5a747ad5869276068a6f32af28faa94f1d3a282aa17461c82c1ab2,2712,realx_7592_r05_moderate,7592.0,adult,mixed,5.0,moderate
checkpoint,runs/task_7592_r05_strong.csv,2045251cca264800b3d738deacaa541e6a610c92e1b086a5fa12e0c7b4a3f238,2783,realx_7592_r05_strong,7592.0,adult,mixed,5.0,strong
checkpoint,runs/task_3913_r01_null.csv,887567dfeb825ad6b3155ac93d23375164edef80944cb0ff73e3d38825ad8d93,1982,realx_3913_r01_null,3913.0,kc2,numeric,1.0,null
checkpoint,runs/task_3913_r01_weak.csv,23f2486107ec38072fab639e473fdfabf84e62b55a7df42692f05d424eb8f67e,2157,realx_3913_r01_weak,3913.0,kc2,numeric,1.0,weak
checkpoint,runs/task_3913_r01_moderate.csv,7d42f979e6747e4f32d392ff0f4a3b7f5c8463544bfe6875d73aa99a9971d92c,2079,realx_3913_r01_moderate,3913.0,kc2,numeric,1.0,moderate
checkpoint,runs/task_3913_r01_strong.csv,74c357dbafa179669092ff37ab9cd1a1998450a4ccf3cd4e999d5ad442422062,2265,realx_3913_r01_strong,3913.0,kc2,numeric,1.0,strong
checkpoint,runs/task_3913_r02_null.csv,22124c451467e3878b645c85a511a00ddf2c9c6cc8f2855466bf1972ec1c7d94,1960,realx_3913_r02_null,3913.0,kc2,numeric,2.0,null
checkpoint,runs/task_3913_r02_weak.csv,557ea2c940c3b68d0986512e440e9b090a2b73a624f54cc97b64e16aa7f318f7,2095,realx_3913_r02_weak,3913.0,kc2,numeric,2.0,weak
checkpoint,runs/task_3913_r02_moderate.csv,4d2a90b9484a2d780b6da96ac8c209ec48977f298b7c7ef3a2bf94f30eeeed01,2066,realx_3913_r02_moderate,3913.0,kc2,numeric,2.0,moderate
checkpoint,runs/task_3913_r02_strong.csv,6362d4689ab446baa38a402781f913d123d26440ae936f45d04fe43ad94408e3,2302,realx_3913_r02_strong,3913.0,kc2,numeric,2.0,strong
checkpoint,runs/task_3913_r03_null.csv,ab36482f7ee950fba223510c9bbda7fbb8295114d87a3251c83f142fcbba588e,2086,realx_3913_r03_null,3913.0,kc2,numeric,3.0,null
checkpoint,runs/task_3913_r03_weak.csv,275a3261efc9ea69bc7f71bb8c3279594f09c64c8b0e380fdf60940ad574ede6,2203,realx_3913_r03_weak,3913.0,kc2,numeric,3.0,weak
checkpoint,runs/task_3913_r03_moderate.csv,e89d5fff52ceb2685b8e49e04d3e5a0d58ea9f3498e925cf304c5ae8cac56dbc,2156,realx_3913_r03_moderate,3913.0,kc2,numeric,3.0,moderate
checkpoint,runs/task_3913_r03_strong.csv,6600ffd01b8ece56cb6575ac5f5838427b4fa8698cffc0d2b34c2b3a5ffd41bc,2293,realx_3913_r03_strong,3913.0,kc2,numeric,3.0,strong
checkpoint,runs/task_3913_r04_null.csv,69e0d62b64f9ed2613448147101d616995c5e2c5f3953eb92967cb3062e86c6a,2312,realx_3913_r04_null,3913.0,kc2,numeric,4.0,null
checkpoint,runs/task_3913_r04_weak.csv,1cb513a7eb6fe1f07eccb2bea184fa5f085832d7ae2da3c2fadf29adb1d0520f,2400,realx_3913_r04_weak,3913.0,kc2,numeric,4.0,weak
checkpoint,runs/task_3913_r04_moderate.csv,059c1dc50aa9af942d990ea23375407db09806de41b1307e00c573c94b46b1ec,2305,realx_3913_r04_moderate,3913.0,kc2,numeric,4.0,moderate
checkpoint,runs/task_3913_r04_strong.csv,98d61cdbdb7b5b980d75787837dc0014c00134e84c0513c9212c1925bdbded0e,2335,realx_3913_r04_strong,3913.0,kc2,numeric,4.0,strong
checkpoint,runs/task_3913_r05_null.csv,145d37de677e55a7a951fb48b512e27701eee69f9b40fe0c88f51d845b85a957,1937,realx_3913_r05_null,3913.0,kc2,numeric,5.0,null
checkpoint,runs/task_3913_r05_weak.csv,6df3cb9af648b263c67365024d7c9c06a491e913c617a5232e8fccfa2937ef27,2057,realx_3913_r05_weak,3913.0,kc2,numeric,5.0,weak
checkpoint,runs/task_3913_r05_moderate.csv,6f58fb029a610bec9fef08ac412ef6bc0887000c1f353b47484cabcbfa242be4,2250,realx_3913_r05_moderate,3913.0,kc2,numeric,5.0,moderate
checkpoint,runs/task_3913_r05_strong.csv,2399c26378347830990c22b669bdbed3e7fcc191d4b445f7e55ed00db93a02ef,1960,realx_3913_r05_strong,3913.0,kc2,numeric,5.0,strong
checkpoint,runs/task_3902_r01_null.csv,14f33080670af00e1fd9adb2eab4e1a2d24d6d7afc0e881a65fc59af9a3c02e7,2620,realx_3902_r01_null,3902.0,pc4,numeric,1.0,null
checkpoint,runs/task_3902_r01_weak.csv,23b421a35d1d90d38f40cc1df09d36306d0ad4fd6ece7ce62a67f36a94c9105c,2760,realx_3902_r01_weak,3902.0,pc4,numeric,1.0,weak
checkpoint,runs/task_3902_r01_moderate.csv,eb6834a8bd4bb24383453a6a4c42486b29a0d6cfd053d91ba160e2e61138238d,2829,realx_3902_r01_moderate,3902.0,pc4,numeric,1.0,moderate
checkpoint,runs/task_3902_r01_strong.csv,838dfa95bc5b56e5133e64550e459fd86d0b22160898d9efe1504ad882121ca7,2669,realx_3902_r01_strong,3902.0,pc4,numeric,1.0,strong
checkpoint,runs/task_3902_r02_null.csv,c8b99bfc5190a095458b051852abf121aa1116884455868f2ca25cf25e54944f,2752,realx_3902_r02_null,3902.0,pc4,numeric,2.0,null
checkpoint,runs/task_3902_r02_weak.csv,ec05ed7f3be13b468f678a7eae984286d9ff54afaecc1a14db1dfad409047c27,2797,realx_3902_r02_weak,3902.0,pc4,numeric,2.0,weak
checkpoint,runs/task_3902_r02_moderate.csv,cfa447acfc3aa299a4e68ebefcb59f64df2384e4f206f52da8fe8914bc484b65,2814,realx_3902_r02_moderate,3902.0,pc4,numeric,2.0,moderate
checkpoint,runs/task_3902_r02_strong.csv,4c051b8e1555c751a17df011572e985ee3edb89c53a395cff39f6d520e86c0c9,2784,realx_3902_r02_strong,3902.0,pc4,numeric,2.0,strong
checkpoint,runs/task_3902_r03_null.csv,9c4dac8e704122b303908209fcc5f503d935466ed3545744624b7ce9074c9e8e,2594,realx_3902_r03_null,3902.0,pc4,numeric,3.0,null
checkpoint,runs/task_3902_r03_weak.csv,fc29743729cce96666c2823af0d6857e0a3077ed80ac4d6202ddf25101d4259b,3128,realx_3902_r03_weak,3902.0,pc4,numeric,3.0,weak
checkpoint,runs/task_3902_r03_moderate.csv,50331cbdd7b4a00a76d2ac45b3bf1ac434fb633bed8d1d4362c416999267baf3,3406,realx_3902_r03_moderate,3902.0,pc4,numeric,3.0,moderate
checkpoint,runs/task_3902_r03_strong.csv,239e180593c77cbae53fecc6e7c5886de9aa77d1eb4cd13ad1855402e0409bd9,2877,realx_3902_r03_strong,3902.0,pc4,numeric,3.0,strong
checkpoint,runs/task_3902_r04_null.csv,cd24a7b35495e311d425a9e767ec18bc08dc2064ce61581d5b35f0759ed70fb9,2563,realx_3902_r04_null,3902.0,pc4,numeric,4.0,null
checkpoint,runs/task_3902_r04_weak.csv,767b5a33599b3c6c86b1d82a89448ba15ab082484a342eabf797bab0aceb7d5d,2686,realx_3902_r04_weak,3902.0,pc4,numeric,4.0,weak
checkpoint,runs/task_3902_r04_moderate.csv,9f4ca0bc4962f680c05a01602ee3c961be1d0b525194ba688f05dcddc4e3f28a,2731,realx_3902_r04_moderate,3902.0,pc4,numeric,4.0,moderate
checkpoint,runs/task_3902_r04_strong.csv,91339b36840fc28ee0808eb86dfd0c5c1d3bdbe7bdf14f18165bca82c0ae9aaf,2659,realx_3902_r04_strong,3902.0,pc4,numeric,4.0,strong
checkpoint,runs/task_3902_r05_null.csv,9dc33d325ab1243355820aafa8e4841a4f04887bff9b634f419eccda55843cfb,2976,realx_3902_r05_null,3902.0,pc4,numeric,5.0,null
checkpoint,runs/task_3902_r05_weak.csv,856e0dc5df2f14dc7175e79bbe23d9a045046d995994b875f6711be6414ea1f0,3155,realx_3902_r05_weak,3902.0,pc4,numeric,5.0,weak
checkpoint,runs/task_3902_r05_moderate.csv,35903e076a988e07156b7a208c1c798fc3f18f6627b818f8f675247d318ee8cd,3702,realx_3902_r05_moderate,3902.0,pc4,numeric,5.0,moderate
checkpoint,runs/task_3902_r05_strong.csv,b8ae8c3e78299e51a3303f25fb4faddc9829101a4181b0a91b7779d3cdd32bfd,3069,realx_3902_r05_strong,3902.0,pc4,numeric,5.0,strong
checkpoint,runs/task_3904_r01_null.csv,fdd76255b197b0bdc0a04eec6b9164423b3a2a31576f36beac3049c1b17bc38e,2613,realx_3904_r01_null,3904.0,jm1,numeric,1.0,null
checkpoint,runs/task_3904_r01_weak.csv,6857fe7cc3baf957b27077104d9c3908dd26e7ca625ad7f69ce4e1b7c2cf2e3d,2627,realx_3904_r01_weak,3904.0,jm1,numeric,1.0,weak
checkpoint,runs/task_3904_r01_moderate.csv,f871ea6bff82b40bf3b0adab129908c7ac0a2cc432ff4d52d24f4cea892b066b,2871,realx_3904_r01_moderate,3904.0,jm1,numeric,1.0,moderate
checkpoint,runs/task_3904_r01_strong.csv,bdedfbb6ef9d480e531a9de2b3e4eeaeb69fec43fa54d208867a400440a14884,2600,realx_3904_r01_strong,3904.0,jm1,numeric,1.0,strong
checkpoint,runs/task_3904_r02_null.csv,72f6fcfc8eb4c5c4e5ff39dab6916229e4a3276997a6214d5eb0227b8026a64c,2146,realx_3904_r02_null,3904.0,jm1,numeric,2.0,null
checkpoint,runs/task_3904_r02_weak.csv,f33a3a7274191af80388609a7bb0768385b464274b1571a11e2250aaa63d2e8b,2565,realx_3904_r02_weak,3904.0,jm1,numeric,2.0,weak
checkpoint,runs/task_3904_r02_moderate.csv,67b43fa6554b7ad0bd2a32423821a6acfa116e20228ad65a9304cb132bde71b0,2341,realx_3904_r02_moderate,3904.0,jm1,numeric,2.0,moderate
checkpoint,runs/task_3904_r02_strong.csv,c73984969f0f784b3ee4dbf581d5f4b02971e2367936180ff4fed79d63a69c91,2527,realx_3904_r02_strong,3904.0,jm1,numeric,2.0,strong
checkpoint,runs/task_3904_r03_null.csv,fecf47123110ae3f080f88056250c09c945ee0f11905f295df432326663f9920,2342,realx_3904_r03_null,3904.0,jm1,numeric,3.0,null
checkpoint,runs/task_3904_r03_weak.csv,71d9b573109abd98c194b5c3ba99bb3150307906f11d8282b7429ef0d84f0c85,2232,realx_3904_r03_weak,3904.0,jm1,numeric,3.0,weak
checkpoint,runs/task_3904_r03_moderate.csv,f979f48ff5c36c29f0299cf38afb2c99dc28d248c138c41248f876bab48d61d1,2532,realx_3904_r03_moderate,3904.0,jm1,numeric,3.0,moderate
checkpoint,runs/task_3904_r03_strong.csv,d3f00af62ec2054c20fa09db413fddfc2aa1cc7828de83179d06b3d47ea9d0db,2269,realx_3904_r03_strong,3904.0,jm1,numeric,3.0,strong
checkpoint,runs/task_3904_r04_null.csv,8e549763125cc5d45d31dcace85376483e3b0b12409fb5a81176d1bf61f9a69e,2055,realx_3904_r04_null,3904.0,jm1,numeric,4.0,null
checkpoint,runs/task_3904_r04_weak.csv,d2f9d770676b0108d10461ff5a08ad69afd5443c4f298dadde353146505286ee,2574,realx_3904_r04_weak,3904.0,jm1,numeric,4.0,weak
checkpoint,runs/task_3904_r04_moderate.csv,eee82ae35e4f30cd9fde69e5d87f28b6080f89074454df97f50d128a6f2fd26d,2270,realx_3904_r04_moderate,3904.0,jm1,numeric,4.0,moderate
checkpoint,runs/task_3904_r04_strong.csv,a10fea8abc5c05355b5c3d4763742fde608dd1990be10675ad54192c0afc5059,2406,realx_3904_r04_strong,3904.0,jm1,numeric,4.0,strong
checkpoint,runs/task_3904_r05_null.csv,be38ac65735eb3169c09a7515357986f3b29de22e6537bd6c342e078c08712b0,2267,realx_3904_r05_null,3904.0,jm1,numeric,5.0,null
checkpoint,runs/task_3904_r05_weak.csv,80e1eb9e541109f1717ce1d54bac8c6c17819cf3ff350bf824a27b05b99b5a11,2338,realx_3904_r05_weak,3904.0,jm1,numeric,5.0,weak
checkpoint,runs/task_3904_r05_moderate.csv,acee7d1fc29c862ace4a29536be5efec08975f6ef924b7dc734a0c2b6a03c93c,2287,realx_3904_r05_moderate,3904.0,jm1,numeric,5.0,moderate
checkpoint,runs/task_3904_r05_strong.csv,0b6ddc72d81d662a18163a662e9f7045b3caa4868d9410c83dacf32c0fdea95f,2472,realx_3904_r05_strong,3904.0,jm1,numeric,5.0,strong
master_results,master_results.csv,7eec394dfe45046bcbc901c6e41bbb9f6a4ab38f9cc361babe38cb30b88f2b55,263302,,,,,,
benchmark_progress,benchmark_progress.csv,3edbe88d6c283e61626f57af7dd107d76e31fadadce55a59329357c588b2200d,21813,,,,,,
