scenario,family,comparison_id,metric,model_a,model_b,n_pairs,wilcoxon_effective_n,mean_model_a,mean_model_b,mean_difference,sd_difference,median_difference,q25_difference,q75_difference,bootstrap_mean_ci_low,bootstrap_mean_ci_high,bootstrap_median_ci_low,bootstrap_median_ci_high,wilcoxon_statistic,p_raw,rank_biserial,win_rate,loss_rate,tie_rate,p_holm,reject_holm,family_complete
S1,primary,agnam_vs_main_auroc,AUROC,AG-NAM,Main NAM,20,20,0.8681988092482582,0.7541764934217093,0.1140223158265489,0.035348483628441334,0.12166233005022126,0.11177132292528646,0.13349141454962643,0.0973608338825398,0.12723966369670583,0.11505464178635966,0.1314483767335624,1.0,3.814697265625e-06,0.9904761904761905,0.95,0.05,0.0,7.62939453125e-06,True,True
S1,secondary,agnam_vs_main_auprc,AUPRC,AG-NAM,Main NAM,20,20,0.868191534943852,0.7521664017289497,0.11602513321490249,0.038284435612762686,0.11966264015556888,0.11023680517071816,0.13776315246046567,0.0979979819300303,0.1308356603383649,0.11046543444716084,0.13704712716474898,0.0,1.9073486328125e-06,1.0,1.0,0.0,0.0,3.814697265625e-05,True,True
S1,secondary,agnam_vs_random_auprc,AUPRC,AG-NAM,Random-Pair NAM,20,20,0.868191534943852,0.7653331613930484,0.10285837355080378,0.05028294313772515,0.11839400135810274,0.07296230908540627,0.13802575486054916,0.0808711600826321,0.12310736568483152,0.07653829894555575,0.136715621320955,1.0,3.814697265625e-06,0.9904761904761905,0.95,0.05,0.0,4.9591064453125e-05,True,True
S1,secondary,agnam_vs_random_auroc,AUROC,AG-NAM,Random-Pair NAM,20,20,0.8681988092482582,0.7669087849270751,0.1012900243211831,0.04806474060883209,0.12074450869942249,0.07061429459096177,0.13477643724372437,0.07980195802128523,0.12064854298041942,0.08115279809562154,0.13319496229434735,2.0,5.7220458984375e-06,0.9809523809523809,0.95,0.05,0.0,6.866455078125e-05,True,True
S1,secondary,agnam_vs_single_run_auprc,AUPRC,AG-NAM,Single-Run AG-NAM,20,20,0.868191534943852,0.8564028210960704,0.011788713847781695,0.03559089971774375,0.0004474707233098063,-0.0018740556470444591,0.008777576511177387,-0.00176035054622773,0.028021701004454235,-0.001478002668935996,0.001949840221930177,86.0,0.49800872802734375,0.18095238095238095,0.6,0.4,0.0,1.0,False,True
S1,secondary,agnam_vs_single_run_auroc,AUROC,AG-NAM,Single-Run AG-NAM,20,20,0.8681988092482582,0.8570936172711138,0.011105191977144485,0.03289693068623381,0.0005941521029385055,-0.0012491750235944232,0.008910745920269664,-0.0016060943073591617,0.02652278776532827,-0.0006144190292210472,0.0017180388090285437,79.0,0.34881019592285156,0.24761904761904763,0.6,0.4,0.0,1.0,False,True
S2,primary,agnam_vs_main_auroc,AUROC,AG-NAM,Main NAM,20,20,0.8256384852221809,0.7207631864517778,0.10487529877040302,0.023329440322763493,0.11301121442370621,0.08495406876089065,0.12013689386508294,0.09441744899627696,0.11432014650638064,0.09518873596899236,0.11920827046091137,0.0,1.9073486328125e-06,1.0,1.0,0.0,0.0,7.62939453125e-06,True,True
S2,secondary,agnam_vs_main_auprc,AUPRC,AG-NAM,Main NAM,20,20,0.8250040183590419,0.7193483690939269,0.1056556492651151,0.025569275570294918,0.11310582405083547,0.09143246549143372,0.11934536215160549,0.09397897626577979,0.11565355327676503,0.10010216963529234,0.11850621224015456,0.0,1.9073486328125e-06,1.0,1.0,0.0,0.0,3.814697265625e-05,True,True
S2,secondary,agnam_vs_random_auprc,AUPRC,AG-NAM,Random-Pair NAM,20,20,0.8250040183590419,0.7195639814621407,0.10544003689690103,0.025469458755210273,0.11534079138622716,0.0900401566353824,0.11872066867807024,0.09399825859931026,0.11544086331673416,0.09929785866079516,0.11774824578599974,0.0,1.9073486328125e-06,1.0,1.0,0.0,0.0,3.814697265625e-05,True,True
S2,secondary,agnam_vs_random_auroc,AUROC,AG-NAM,Random-Pair NAM,20,20,0.8256384852221809,0.7209198181450521,0.1047186670771288,0.02341608121013801,0.11337132648342985,0.0853232920277272,0.12110903424533681,0.09463200743044446,0.11406739695976237,0.09393072213843828,0.12068754417459882,0.0,1.9073486328125e-06,1.0,1.0,0.0,0.0,3.814697265625e-05,True,True
S2,secondary,agnam_vs_single_run_auprc,AUPRC,AG-NAM,Single-Run AG-NAM,20,20,0.8250040183590419,0.8151317731645786,0.009872245194463381,0.03269319341701271,0.0006891341513775018,-0.002988814713965976,0.009747419945932784,-0.003282887637597556,0.024701772623635012,-0.00041936435745576484,0.0019231405568290727,71.0,0.21616744995117188,0.3238095238095238,0.65,0.35,0.0,1.0,False,True
S2,secondary,agnam_vs_single_run_auroc,AUROC,AG-NAM,Single-Run AG-NAM,20,20,0.8256384852221809,0.8158481059117968,0.009790379310384267,0.0323747981664147,0.0005016237198804396,-0.0030055364423670627,0.010353193737494798,-0.003587332271835214,0.02473996178529878,-0.001065688525117403,0.0030974554454139547,77.0,0.3117942810058594,0.26666666666666666,0.65,0.35,0.0,1.0,False,True
S3,primary,agnam_vs_main_auroc,AUROC,AG-NAM,Main NAM,20,20,0.8134062831647203,0.7004369158018003,0.11296936736292,0.02812094124284115,0.1173012700093935,0.11055637789942638,0.1231865504937944,0.09927559771696993,0.1221838885498373,0.11147751115528687,0.1215455495846679,0.0,1.9073486328125e-06,1.0,1.0,0.0,0.0,7.62939453125e-06,True,True
S3,secondary,agnam_vs_main_auprc,AUPRC,AG-NAM,Main NAM,20,20,0.8141521625723417,0.68897083529405,0.1251813272782918,0.03139130382129752,0.1294485727827363,0.12255005706022218,0.13775506865002385,0.1096092042537267,0.13561637815265082,0.12443364305340643,0.13708236884641656,0.0,1.9073486328125e-06,1.0,1.0,0.0,0.0,3.814697265625e-05,True,True
S3,secondary,agnam_vs_random_auprc,AUPRC,AG-NAM,Random-Pair NAM,20,20,0.8141521625723417,0.6892978495595223,0.1248543130128195,0.03189427261040391,0.13125849901749048,0.12063086312345331,0.1377832653596408,0.10901895627772716,0.13557282806877924,0.12193895932628118,0.13680834089528493,0.0,1.9073486328125e-06,1.0,1.0,0.0,0.0,3.814697265625e-05,True,True
S3,secondary,agnam_vs_random_auroc,AUROC,AG-NAM,Random-Pair NAM,20,20,0.8134062831647203,0.7006178972968782,0.11278838586784205,0.028637446463472185,0.11706868676510807,0.10890878042506619,0.12430758297633407,0.09906601706245408,0.12225730831324086,0.11076920802049844,0.12227653593683596,0.0,1.9073486328125e-06,1.0,1.0,0.0,0.0,3.814697265625e-05,True,True
S3,secondary,agnam_vs_single_run_auprc,AUPRC,AG-NAM,Single-Run AG-NAM,20,20,0.8141521625723417,0.7899775556334594,0.024174606938882452,0.06688540933636036,0.0006591450549452427,-0.00028204658507893776,0.028049811395019192,-0.0033331338574062344,0.05238858149556569,-0.0001256646402924,0.0011950137194582378,60.0,0.09730720520019531,0.42857142857142855,0.65,0.35,0.0,0.6811504364013672,False,True
S3,secondary,agnam_vs_single_run_auroc,AUROC,AG-NAM,Single-Run AG-NAM,20,20,0.8134062831647203,0.7921455907809256,0.021260692383794622,0.06056436272959104,0.000495367556173798,-9.219346767652681e-05,0.027389418676542515,-0.0033032172455554733,0.04804398802838839,-3.1243749799569898e-06,0.0018156797344152098,56.0,0.069580078125,0.4666666666666667,0.7,0.3,0.0,0.556640625,False,True
S4,primary,agnam_vs_main_auroc,AUROC,AG-NAM,Main NAM,20,13,0.7352713305592232,0.7147327633540403,0.02053856720518297,0.01967216370890575,0.023826641562185336,0.0,0.03897592038202663,0.01202889433161777,0.028937605273933256,0.0,0.038177569856686466,1.0,0.00048828125,0.978021978021978,0.6,0.05,0.35,0.00048828125,True,True
S4,secondary,agnam_vs_main_auprc,AUPRC,AG-NAM,Main NAM,20,13,0.4466469506149613,0.42179458200281933,0.024852368612142,0.02540238795924199,0.025256697631278552,0.0,0.047862498398715106,0.014108042504194064,0.03571721133818166,0.0,0.04564435896201946,3.0,0.001220703125,0.9340659340659341,0.55,0.1,0.35,0.013427734375,True,True
S4,secondary,agnam_vs_random_auprc,AUPRC,AG-NAM,Random-Pair NAM,20,13,0.4466469506149613,0.4213819473964183,0.02526500321854307,0.02575385575557297,0.023417989387698235,0.0,0.049770606933862524,0.01451884623163208,0.036327177454228615,0.0,0.046507456309494155,3.0,0.001220703125,0.9340659340659341,0.55,0.1,0.35,0.013427734375,True,True
S4,secondary,agnam_vs_random_auroc,AUROC,AG-NAM,Random-Pair NAM,20,13,0.7352713305592232,0.7147909852698472,0.02048034528937597,0.019764169538568233,0.02484185060122779,0.0,0.038073999711753126,0.012144447008508023,0.02873537368245477,0.0,0.03731976932516018,3.0,0.001220703125,0.9340659340659341,0.55,0.1,0.35,0.013427734375,True,True
S4,secondary,agnam_vs_single_run_auprc,AUPRC,AG-NAM,Single-Run AG-NAM,20,20,0.4466469506149613,0.4409423970065098,0.005704553608451563,0.03297132180892838,0.0015467555517332532,-0.0023096287061461634,0.011959352634565698,-0.008483553576429522,0.019247355545861627,-0.0020942746309200178,0.005744839333230195,79.0,0.34881019592285156,0.24761904761904763,0.6,0.4,0.0,1.0,False,True
S4,secondary,agnam_vs_single_run_auroc,AUROC,AG-NAM,Single-Run AG-NAM,20,20,0.7352713305592232,0.7305406525435014,0.004730678015721718,0.023567262522590286,0.0002994684925518021,-0.0010400229270572936,0.009292901458296199,-0.005126101097565827,0.014782715051511342,-0.000756979169225902,0.004230808698482913,79.0,0.34881019592285156,0.24761904761904763,0.55,0.45,0.0,1.0,False,True
