Predictor regime,Strength,Metric,n datasets,Mean,SD,Median,Q25,Q75,Minimum,Maximum
categorical,null,delta_auprc,3,0.0013415569620209,0.001362703425125,0.0020153213474684,0.0008942684526457,0.0021257276641198,-0.0002267844421769,0.0022361339807712
categorical,null,delta_auroc,3,0.0013463348528328,0.0007965817461967,0.0016788635385277,0.0010581144346377,0.0018008196138754,0.0004373653307477,0.001922775689223
categorical,null,isr_sparsification_fraction,3,0.431111111111111,0.4874119103698333,0.3333333333333333,0.1666666666666666,0.6466666666666666,0.0,0.96
categorical,null,mean_interaction_auprc,0,,,,,,,
categorical,weak,delta_auprc,3,0.0047278672165758,0.006500839087253,0.0022912526941458,0.0010442993698058,0.0071931278021309,-0.0002026539545342,0.012095002910116
categorical,weak,delta_auroc,3,0.0046651663955675,0.0052662662567175,0.0026049768743737,0.0016727073296981,0.00662753070084,0.0007404377850224,0.0106500845273063
categorical,weak,isr_sparsification_fraction,3,0.5014814814814814,0.3708937043381775,0.3333333333333333,0.2888888888888888,0.6299999999999999,0.2444444444444444,0.9266666666666664
categorical,weak,mean_interaction_auprc,3,0.1381417434568694,0.0772789138389667,0.167687347573026,0.1090681544893762,0.1819881344824409,0.0504489614057264,0.1962889213918559
categorical,moderate,delta_auprc,3,0.0568855812970442,0.0132922350244066,0.0633256803773926,0.0524628340090196,0.0645283781252431,0.0415999876406465,0.0657310758730936
categorical,moderate,delta_auroc,3,0.0494981860655304,0.0064566883094861,0.049599918079811,0.0462955754714315,0.0527516626667696,0.042991232863052,0.0559034072537282
categorical,moderate,isr_sparsification_fraction,3,0.2866313316313316,0.074503922021091,0.2567987567987568,0.2442327117327117,0.3141136641136641,0.2316666666666666,0.3714285714285714
categorical,moderate,mean_interaction_auprc,3,0.3729496138531987,0.101397349701626,0.3815617172378817,0.3245413000143331,0.4256639793844057,0.2675208827907845,0.4697662415309297
categorical,strong,delta_auprc,3,0.1081814377013165,0.0291391667595525,0.1157324038746538,0.0958712196920615,0.1242671387972401,0.0760100355094692,0.1328018737198264
categorical,strong,delta_auroc,3,0.0999000515209888,0.0254556554878091,0.1029730914966983,0.088010233903221,0.1133263891266114,0.0730473763097437,0.1236796867565244
categorical,strong,isr_sparsification_fraction,3,0.3306295093795093,0.1176374966627071,0.3270833333333333,0.2709442640692641,0.3885416666666667,0.2148051948051948,0.45
categorical,strong,mean_interaction_auprc,3,0.4582936701390662,0.1368768148224031,0.4477299766665696,0.3873673736645974,0.5239381198772868,0.3270047706626252,0.6001462630880038
mixed,null,delta_auprc,3,-0.0002451339541173,0.0003231590690408,-0.0001240540713411,-0.000367700931176,-6.202703567055e-05,-0.0006113477910109,0.0
mixed,null,delta_auroc,3,-0.0009092425348017,0.0014384628575127,-0.0001600640256102,-0.0013638638022026,-8.003201280510001e-05,-0.0025676635787951,0.0
mixed,null,isr_sparsification_fraction,3,0.8911680911680913,0.094313183075401,0.8401709401709402,0.8367521367521368,0.92008547008547,0.8333333333333334,1.0
mixed,null,mean_interaction_auprc,0,,,,,,,
mixed,weak,delta_auprc,3,0.0002328132697704,0.0002318401378713,0.0002347719444628,0.0001173859722314,0.0003492199046557,0.0,0.0004636678648485
mixed,weak,delta_auroc,3,-3.8408672885526645e-05,0.0005190941999192,0.0,-0.0002878201957961,0.0002302071864678,-0.0005756403915922,0.0004604143729356
mixed,weak,isr_sparsification_fraction,3,0.9375,0.0625,0.9375,0.90625,0.96875,0.875,1.0
mixed,weak,mean_interaction_auprc,3,0.0741897371571954,0.0181900744155567,0.0658899343803196,0.0637599411226632,0.0804696318032897,0.0616299478650068,0.0950493292262598
mixed,moderate,delta_auprc,3,0.012238153960634,0.0206036235869587,0.0006886148197053,0.0003443074098526,0.018357230940951,0.0,0.0360258470621967
mixed,moderate,delta_auroc,3,0.0120210001938951,0.0194685643255166,0.0015801580158016,0.0007900790079008,0.0180315002908427,0.0,0.0344828425658839
mixed,moderate,isr_sparsification_fraction,3,0.8347863247863248,0.2180084885362378,0.9166666666666666,0.7521794871794871,0.9583333333333331,0.5876923076923076,1.0
mixed,moderate,mean_interaction_auprc,3,0.1327562257903232,0.1158627341305229,0.0831829397243895,0.0665552836665571,0.1741705248811224,0.0499276276087247,0.2651581100378553
mixed,strong,delta_auprc,3,0.0280669559729372,0.0486807593678697,0.0,-3.888458628571e-05,0.0421393185456916,-7.776917257142e-05,0.0842786370913832
mixed,strong,delta_auroc,3,0.0284675708417915,0.0490821946566863,0.0002601040416166,0.0001300520208083,0.0427013562626873,0.0,0.085142608483758
mixed,strong,isr_sparsification_fraction,3,0.837121212121212,0.2018040194321044,0.9,0.7556818181818181,0.95,0.6113636363636363,1.0
mixed,strong,mean_interaction_auprc,3,0.174240519018725,0.175646106623771,0.0939661337945503,0.0735205555826851,0.2348232898426776,0.0530749773708199,0.3756804458908048
numeric,null,delta_auprc,3,-0.0022987624024524,0.0053887257833946,0.0,-0.0042278256900751,0.0007796820863965,-0.0084556513801503,0.0015593641727931
numeric,null,delta_auroc,3,-0.0008145469727619,0.004985613627347,0.0,-0.0030786383427892,0.0018568178836463,-0.0061572766855785,0.0037136357672927
numeric,null,isr_sparsification_fraction,3,0.888028083028083,0.1010636590067379,0.8605128205128205,0.8320421245421246,0.9302564102564104,0.8035714285714286,1.0
numeric,null,mean_interaction_auprc,0,,,,,,,
numeric,weak,delta_auprc,3,-0.0008030856086797,0.0007741477595529,-0.0008646359388828,-0.0012046284130195,-0.0004323179694414,-0.0015446208871562,0.0
numeric,weak,delta_auroc,3,-0.0007765137079113,0.0012255070405434,-0.0001402524544179,-0.0011647705618669,-7.012622720898001e-05,-0.0021892886693159,0.0
numeric,weak,isr_sparsification_fraction,3,0.861925111925112,0.1270348696008798,0.8357753357753358,0.792887667887668,0.917887667887668,0.75,1.0
numeric,weak,mean_interaction_auprc,3,0.0209212936303052,0.0120451716828125,0.020570005851392,0.0148128070930938,0.02685413627806,0.0090556083347956,0.0331382667047281
numeric,moderate,delta_auprc,3,-0.0016599194406306,0.0027229853698809,-0.0016325873857351,-0.003014527670926,-0.0002916451828874,-0.0043964679561169,0.0010492970199602
numeric,moderate,delta_auroc,3,-0.0013037476675586,0.002369139744906,-0.0003673577884104,-0.0021826645313007,4.3364135757539975e-05,-0.003997971274191,0.0004540860599254
numeric,moderate,isr_sparsification_fraction,3,0.8228927934810288,0.0659916547606418,0.8401069518716578,0.795053475935829,0.8593391902215433,0.75,0.8785714285714286
numeric,moderate,mean_interaction_auprc,3,0.0281058832286046,0.0179930287407552,0.0373143450036938,0.0223433806239479,0.0384726167208059,0.007372416244202,0.0396308884379179
numeric,strong,delta_auprc,3,-0.0001058979718295,0.0064676356643356,-0.000677732127164,-0.0034731806786354,0.0029754676573091,-0.0062686292301068,0.0066286674417822
numeric,strong,delta_auroc,3,0.0026758622136613,0.0080699940148826,0.0041667348845237,-0.0009344391205116,0.0070315998832655,-0.0060356131255469,0.0098964648820072
numeric,strong,isr_sparsification_fraction,3,0.6094742294742295,0.2071769160050958,0.5,0.49,0.6742113442113442,0.48,0.8484226884226885
numeric,strong,mean_interaction_auprc,3,0.0376652592984048,0.0259348960712899,0.0438638747342366,0.0265282892049709,0.0519015371097546,0.0091927036757051,0.0599391994852726
