Task ID,Dataset,Predictor regime,Features,Pair universe,Random-ranking prevalence,Mean interaction AUPRC,AUPRC minus random prevalence
3,kr-vs-kp,categorical,36,630,0.0047619047619047,0.2675208827907845,0.2627589780288798
31,credit-g,mixed,20,190,0.0157894736842105,0.0499276276087247,0.0341381539245141
49,tic-tac-toe,categorical,9,36,0.0833333333333333,0.4697662415309297,0.3864329081975965
3902,pc4,numeric,37,666,0.0045045045045045,0.007372416244202,0.0028679117396975
3904,jm1,numeric,21,210,0.0142857142857142,0.0373143450036938,0.0230286307179795
3913,kc2,numeric,21,210,0.0142857142857142,0.0396308884379179,0.0253451741522036
7592,adult,mixed,14,91,0.0329670329670329,0.2651581100378553,0.2321910770708223
14952,PhishingWebsites,categorical,30,435,0.0068965517241379,0.3815617172378817,0.3746651655137437
125920,dresses-sales,mixed,12,66,0.0454545454545454,0.0831829397243895,0.037728394269844
