task_index,task_id,dataset_name,feature_type,n_samples,n_features,main_auroc,agnam_auroc,random_pair_auroc,no_isr_auroc,single_run_auroc,ebm_auroc,catboost_auroc,main_auprc,agnam_auprc,random_pair_auprc,no_isr_auprc,single_run_auprc,ebm_auprc,catboost_auprc,delta_agnam_main_auroc,delta_agnam_main_auprc,delta_agnam_random_auroc,delta_agnam_ebm_auroc,delta_agnam_catboost_auroc
0,49,tic-tac-toe,categorical,958,9,0.9889369889369888,0.9889369889369888,0.9889369889369888,0.9889369889369888,0.9745069745069744,0.9956709956709956,1.0,0.9837253347427766,0.9837253347427766,0.9837253347427766,0.9837253347427766,0.970837802168971,0.9920632804797028,1.0,0.0,0.0,0.0,-0.0067340067340067,-0.0110630110630111
1,3,kr-vs-kp,categorical,3196,36,0.9961645336777424,0.9998434503541936,0.9963210833235489,0.9996869007083872,0.9988258776564518,0.9996869007083872,0.9999217251770968,0.9960588865937106,0.9998285560906496,0.9961768201257528,0.9996595691973258,0.9987604738193968,0.9996631593763512,0.9999148401685888,0.003678916676451,0.0037696694969389,0.0035223670306446,0.0001565496458063,-7.827482290323484e-05
2,14952,PhishingWebsites,categorical,11055,30,0.9855171614100184,0.98740889212828,0.9862128942486086,0.9874486482904852,0.9881311290750066,0.9894563344818448,0.9937334349324144,0.9837545737505644,0.9857855853434432,0.984106144572334,0.985836618325596,0.9864811712908068,0.9878357046156976,0.9927568072159868,0.0018917307182613,0.0020310115928786,0.0011959978796712,-0.0020474423535649,-0.0063245428041346
3,125920,dresses-sales,mixed,500,12,0.5402298850574713,0.5402298850574713,0.5402298850574713,0.5402298850574713,0.5648604269293924,0.5779967159277504,0.4737274220032841,0.5219927459203657,0.5219927459203657,0.5219927459203657,0.5219927459203657,0.5499615446777802,0.5312179479867914,0.480333359053735,0.0,0.0,0.0,-0.0377668308702791,0.0665024630541871
4,14954,cylinder-bands,mixed,540,37,0.8906030855539973,0.8906030855539973,0.8906030855539973,0.8906030855539973,0.8821879382889202,0.9270687237026648,0.8779803646563814,0.8728453326843609,0.8728453326843609,0.8728453326843609,0.8728453326843609,0.883395649811473,0.9080199097528668,0.8918695710665538,0.0,0.0,0.0,-0.0364656381486675,0.0126227208976158
5,9971,ilpd,mixed,583,10,0.7016806722689075,0.7016806722689075,0.7016806722689075,0.7016806722689075,0.7002801120448179,0.7703081232492996,0.6946778711484594,0.4047815377810086,0.4047815377810086,0.4047815377810086,0.4047815377810086,0.4127608521960519,0.5196469733441695,0.4272459509762027,0.0,0.0,0.0,-0.0686274509803921,0.0070028011204481
6,29,credit-approval,mixed,690,15,0.9042735042735044,0.9042735042735044,0.9042735042735044,0.941025641025641,0.9384615384615383,0.9324786324786324,0.9299145299145298,0.8823573789497993,0.8823573789497993,0.8823573789497993,0.911539893140032,0.9117066235614064,0.8930034604528219,0.9041139351880438,0.0,0.0,0.0,-0.0282051282051282,-0.0256410256410255
7,31,credit-g,mixed,1000,20,0.8271428571428572,0.8271428571428572,0.8271428571428572,0.828095238095238,0.8276190476190477,0.8442857142857143,0.8395238095238096,0.6953478214197663,0.6953478214197663,0.6953478214197663,0.6960743320826803,0.6592857228466555,0.7004039870231821,0.6875231572388649,0.0,0.0,0.0,-0.0171428571428571,-0.0123809523809523
8,3021,sick,mixed,3772,29,0.9421922841396204,0.9443968156766688,0.9408450704225352,0.952112676056338,0.9483159828536436,0.9969381506429884,0.9953459889773424,0.8414978639429874,0.8631521342199129,0.8551563702215009,0.8636698629026727,0.8539331838062925,0.977355072463768,0.9712980466288594,0.0022045315370482,0.0216542702769254,0.0035517452541333,-0.0525413349663196,-0.0509491733006737
9,167141,churn,mixed,5000,20,0.8377408637873754,0.8879069767441861,0.8393687707641196,0.8900996677740864,0.8874750830564785,0.90468438538206,0.8792691029900331,0.4979291113280309,0.7618643207229353,0.4973044069123068,0.7443427242295702,0.7908147838892993,0.8275047769500194,0.8029641657617277,0.0501661129568106,0.2639352093949043,0.0485382059800664,-0.0167774086378738,0.0086378737541529
10,14965,bank-marketing,mixed,45211,16,0.913001817452754,0.9321847259168574,0.916452563252232,0.9315337757900524,0.933894239304416,0.9305282353759912,0.9381322796936226,0.5614507719930178,0.6198242163993177,0.5703727318154395,0.6187213947597657,0.6233451676297549,0.6214659404542339,0.6410733067948169,0.0191829084641034,0.0583734444062998,0.0157321626646254,0.0016564905408661,-0.0059475537767651
11,219,electricity,mixed,45312,8,0.8658603226279606,0.8928080318992895,0.8860618375572364,0.900839552536255,0.903807890004209,0.9530253545782686,0.953888283930462,0.8293751954676017,0.8638824096854475,0.8528406412725525,0.875506045138338,0.875271301119829,0.9376331887057008,0.9400466558017878,0.0269477092713288,0.0345072142178457,0.006746194342053,-0.0602173226789791,-0.0610802520311724
12,7592,adult,mixed,48842,14,0.9164897177811072,0.9171964390456364,0.9161890734907244,0.9180523314435252,0.9165937692506728,0.9313393818237736,0.9281424464618356,0.7929111298791707,0.7933750407620438,0.7931414380462177,0.7950073752035423,0.791344101954736,0.8361598582479831,0.8271948161232834,0.0007067212645291,0.0004639108828731,0.0010073655549119,-0.0141429427781372,-0.0109460074161992
13,3913,kc2,numeric,522,21,0.8701298701298702,0.8701298701298702,0.8701298701298702,0.8701298701298702,0.8593073593073594,0.854978354978355,0.8506493506493507,0.6096476310380055,0.6096476310380055,0.6096476310380055,0.6096476310380055,0.5903471528471529,0.5538943990618631,0.5857543738823644,0.0,0.0,0.0,0.0151515151515152,0.0194805194805195
14,146819,climate-model-simulation-crashes,numeric,540,18,0.765,0.765,0.765,0.76,0.775,0.79,0.8049999999999999,0.6245748299319728,0.6245748299319728,0.6245748299319728,0.7071078431372548,0.7083333333333334,0.7097222222222223,0.7113095238095238,0.0,0.0,0.0,-0.025,-0.0399999999999999
15,9946,wdbc,numeric,569,30,1.0,1.0,1.0,1.0,1.0,1.0,0.9986772486772486,1.0000000000000002,1.0000000000000002,1.0000000000000002,1.0000000000000002,1.0,1.0,0.9978354978354976,0.0,0.0,0.0,0.0,0.0013227513227513
16,15,breast-w,numeric,699,9,0.9945652173913044,0.9927536231884058,0.9945652173913044,0.9927536231884058,0.9936594202898552,0.9945652173913044,0.9918478260869564,0.9888242283079238,0.9843164310369686,0.9888242283079238,0.9843164310369686,0.9866312458517834,0.9899287256624212,0.981865450644812,-0.0018115942028985,-0.0045077972709551,-0.0018115942028985,-0.0018115942028985,0.0009057971014492
17,37,diabetes,numeric,768,8,0.9214814814814816,0.9214814814814816,0.9214814814814816,0.9214814814814816,0.9237037037037036,0.8985185185185185,0.8955555555555554,0.84502781855164,0.84502781855164,0.84502781855164,0.84502781855164,0.8511149943084537,0.8023861509405397,0.765142203190652,0.0,0.0,0.0,0.022962962962963,0.0259259259259261
18,9957,qsar-biodeg,numeric,1055,41,0.942063492063492,0.942063492063492,0.942063492063492,0.942063492063492,0.9472222222222222,0.9507936507936507,0.9448412698412698,0.895591362578243,0.895591362578243,0.895591362578243,0.895591362578243,0.909844222728059,0.9153191843512248,0.9115797602837352,0.0,0.0,0.0,-0.0087301587301588,-0.0027777777777777
19,3918,pc1,numeric,1109,21,0.7774725274725275,0.7211538461538461,0.8104395604395604,0.8475274725274725,0.8598901098901099,0.8021978021978022,0.7980769230769231,0.2829415841234529,0.2810521940936688,0.295337917775806,0.4458447254499886,0.4432382280975631,0.4689058643243938,0.5325508246387922,-0.0563186813186813,-0.0018893900297841,-0.0892857142857143,-0.081043956043956,-0.0769230769230769
20,3902,pc4,numeric,1458,37,0.9340277777777776,0.9340277777777776,0.9340277777777776,0.9340277777777776,0.9340277777777778,0.9344618055555556,0.9440104166666664,0.7392125898667481,0.7392125898667481,0.7392125898667481,0.7392125898667481,0.7361271599102874,0.6926409052254464,0.7481716536215616,0.0,0.0,0.0,-0.0004340277777777,-0.0099826388888888
21,3903,pc3,numeric,1563,37,0.8089539007092199,0.8089539007092199,0.8089539007092199,0.8102836879432623,0.8023049645390071,0.7983156028368794,0.7943262411347518,0.3529644404390269,0.3529644404390269,0.3529644404390269,0.3311984238824872,0.3259952236719518,0.2631931676674513,0.3380667650052933,0.0,0.0,0.0,0.0106382978723404,0.0146276595744681
22,3917,kc1,numeric,2109,21,0.8302199720670391,0.8293470670391061,0.8295216480446927,0.831965782122905,0.8164280726256983,0.8230621508379888,0.8338861731843575,0.4613902009107722,0.4576415837421722,0.4575244857666183,0.4543303418167992,0.4478051648022149,0.4774198945120076,0.4782660447489606,-0.000872905027933,-0.0037486171686,-0.0001745810055866,0.0062849162011172,-0.0045391061452514
23,9978,ozone-level-8hr,numeric,2534,72,0.960609243697479,0.960609243697479,0.960609243697479,0.960609243697479,0.9587710084033614,0.9409138655462184,0.9466911764705882,0.6159190461432078,0.6159190461432078,0.6159190461432078,0.6159190461432078,0.6045348291591898,0.5726496188226917,0.6068149447278911,0.0,0.0,0.0,0.0196953781512606,0.0139180672268908
24,43,spambase,numeric,4601,57,0.9701642443577928,0.9701642443577928,0.9701642443577928,0.9701642443577928,0.9640789318208672,0.9785340107920754,0.9842845326716296,0.9571452424530864,0.9571452424530864,0.9571452424530864,0.9571452424530864,0.9502419694050444,0.9658567379980056,0.9618020380914396,0.0,0.0,0.0,-0.0083697664342826,-0.0141202883138368
25,146820,wilt,numeric,4839,5,0.9950453476654352,0.9950453476654352,0.9950453476654352,0.9964729593550556,0.9964729593550556,0.989754786698018,0.992610010077259,0.9026856808080403,0.9026856808080403,0.9026856808080403,0.944609210053791,0.944609210053791,0.883644230831996,0.9066518419939136,0.0,0.0,0.0,0.0052905609674169,0.002435337588176
26,9952,phoneme,numeric,5404,5,0.8908426355823372,0.9142711317461886,0.919951266093714,0.9078665744673844,0.9157364417662748,0.9415028482992526,0.9564523033356382,0.7405997768282236,0.8283458845970725,0.8258264647209345,0.8021820783304607,0.8021384731595305,0.8750055076205717,0.9071793888974096,0.0234284961638513,0.0877461077688488,-0.0056801343475253,-0.027231716553064,-0.0421811715894496
27,3904,jm1,numeric,10885,21,0.7203440607153268,0.7193724427555085,0.7191187425104449,0.7198636496129722,0.7197448963067722,0.7282411555776269,0.7309023092120178,0.4137011709200405,0.4128344716414117,0.4127188714635945,0.4111064107550947,0.4104823993203838,0.4315300105223525,0.4270273765906586,-0.0009716179598182,-0.0008666992786288,0.0002537002450635,-0.0088687128221184,-0.0115298664565093
